name;email;subject;message
jdjdnce;wjenewn@gmail.com;snn;asjaj
fgfgbdrgsrts;tytytfgdtg@gmail.com;fgbfbs;hehehehehe
fgfgbdrgsrts;tytytfgdtg@gmail.com;fgbfbs;hehehehehe
sjdj;dd@gmail.com;sjdsj;sdjsjdjsdjwjjdjs
mehdi;mehdizouine2007@gmail.com;absence;je vais mabsenter demain
ihsan;tytytfgdtg@gmail.com;absence;im going to be busy tomoroow
mohamed rachiiiiid;mehdizouine2007@gmail.com;rachiiiiiiiiiiiiiiid;Porque tenemos  2 semanas de vacaciones 
jwjejwe;wjjwjjs@gmail.com;wwjwj;wjjwjjjjjjjwjwj
mejdi;mehdizo2007@gmail.com;absence;jhvgvg
user;dd@gmail.com;absence;me
hello;dd@gmail.com;absence;absence pendant 2 jours
m;n@gmail.ocm;m;mm
m;n@gmail.ocm;m;mm
m;n@gmail.ocm;m;mm
m;n@gmail.ocm;m;mm
m;n@gmail.ocm;m;mm
m;n@gmail.ocm;m;mm
m;n@gmail.ocm;m;mm
m;n@gmail.ocm;m;mm
m;n@gmail.ocm;m;mm
m;n@gmail.ocm;m;mm
m;n@gmail.ocm;m;mm
m;n@gmail.ocm;m;mm
m;n@gmail.ocm;m;mm
m;n@gmail.ocm;m;mm
m;n@gmail.ocm;m;mm
m;n@gmail.ocm;m;mm
m;n@gmail.ocm;m;mm
m;n@gmail.ocm;m;mm
m;n@gmail.ocm;m;mm
m;n@gmail.ocm;m;mm
m;n@gmail.ocm;m;mm
m;n@gmail.ocm;m;mm
m;n@gmail.ocm;m;mm
m;n@gmail.ocm;m;mm
m;n@gmail.ocm;m;mm
m;n@gmail.ocm;m;mm
m;n@gmail.ocm;m;mm
m;n@gmail.ocm;m;mm
m;n@gmail.ocm;m;mm
m;n@gmail.ocm;m;mm
m;n@gmail.ocm;m;mm
m;n@gmail.ocm;m;mm
m;n@gmail.ocm;m;mm
m;n@gmail.ocm;m;mm
m;n@gmail.ocm;m;mm
m;n@gmail.ocm;m;mm
m;n@gmail.ocm;m;mm
m;n@gmail.ocm;m;mm
m;n@gmail.ocm;m;mm
m;n@gmail.ocm;m;mm
m;n@gmail.ocm;m;mm
m;n@gmail.ocm;m;mm
m;n@gmail.ocm;m;mm
m;n@gmail.ocm;m;mm
m;n@gmail.ocm;m;mm
m;n@gmail.ocm;m;mm
m;n@gmail.ocm;m;mm
m;n@gmail.ocm;m;mm
m;n@gmail.ocm;m;mm
m;n@gmail.ocm;m;mm
m;n@gmail.ocm;m;mm
m;n@gmail.ocm;m;mm
m;n@gmail.ocm;m;mm
m;n@gmail.ocm;m;mm
m;n@gmail.ocm;m;mm
m;n@gmail.ocm;m;mm
m;n@gmail.ocm;m;mm
m;n@gmail.ocm;m;mm
m;n@gmail.ocm;m;mm
m;n@gmail.ocm;m;mm
user1;user1@gmail.com;absence;absence dure 2 jours
user7;user7@gmail.com;absence;absence
user7;user7@gmail.com;absence;absence
user7;user7@gmail.com;absence;absence
